alias alexander_schulze Alexander Schulze <alexander.schulze@lsw.de> # lsw
alias sebastian_ackermann Sebastian Ackermann <sebastian.ackermann@wobcom.de> # wobcom
alias thomas_nickel Thomas Nickel <thomas.nickel@elvaco.de> # elvaco
alias anatoli_seliwanow Anatoli Seliwanow <anatoli.seliwanow@wobcom.de> # wobcom
alias benedikt_noethen Benedikt Nöthen <bn@novotrend.de> # novotrend
alias sarah_demuth Sarah Demuth <sarah.demuth@wobcom.de> # wobcom
alias maik_vattersen Maik Vattersen <maik.vattersen@wobcom.de> # wobcom
alias christoph_sternberg Christoph Sternberg <cs@arbor-revital.de> # arbor revital
alias kay_kramer Kay Kramer <kaykramerwob@gmail.com>
